{"position":{"x":34.34407043457031,"y":2.3835692405700685,"z":-1.0802656412124634},"score":12}
