{"position":{"x":42.53095626831055,"y":27.56781768798828,"z":-11.802149772644043},"score":14,"time":"02/10/2024 18:46:01"}
